得点,タイトル,セレクトブクマ,ブックマーク数順,Google
55,とほほのJava入門,,,14
45,Java の道（Java 入門・リファレンス）,1,2,10
33,Javaの学習ならJavaDrive,2,5,
27,Java FAQ: よくある質問とその回答集,,,21
23,Java入門,27,,
20,MYCOMジャーナル - エンタープライズ - コラム - ライトニングJava,20,,
19,JavaでHello World,7,7,13
19,Java技術最前線：ITpro,3,4,
18, Java -TECHSCORE-,,,19
18,頑健なJavaプログラムの書き方(Writing Robust Java Code),5,3,
18,JavaA2Z,22,,
15,TECHSCORE(テックスコア) ?C言語/JAVA/デザインパターン/CORBA/XML/SQL/UMLを基礎から丁寧に解説します?,26,,
15,ITmedia エンタープライズ：矛盾を抱えつつ進化する“Java”??黒船となったRuby on Rails (1/2),,29,
14,初心者がJavaを“超高速”で学ぶためのコツ：ITpro,12,22,
14,Java 2 Platform SE 5.0,8,8,
13,JavaをJavaScriptに変換するグーグルのツールを使ってみよう ? ＠IT,25,,
13,Java におけるコード進化パターン (Code Evolution Patterns in Java),,14,
12,C/C いっさいなし、Javaだけで開発されたOS - JNode (MYCOM PC WEB),,19,
11,＠IT：Hibernateで理解するO/Rマッピング（1）,30,,
10,Javaアプレット - Wikipedia,,,20
9,Java Solution ? ＠IT,28,,12
9,IBM developerWorks Japan : Resources for Java developers,,,17
9,Javaでゲーム作りますが何か？,16,17,
8,RubyよりもJavaが好きな理由,,11,
8,Java in the Box,9,13,23
8,Ja-Jakarta Project,21,,
7,Javaの性能を分析する10のツール | エンタープライズ | マイコミジャーナル,,12,
7,Javaとは - 意味/解説/説明/定義 ： IT用語辞典,,,6
7, Javaテクノロジ - サン・マイクロシステムズ,,,4
7,James君！,,27,
7,【ハウツー】JavaだってRubyに負けちゃいない - JavaでもRails クイックスタートGrails (MYCOMジャーナル),,20,
6,Archive: Java[tm] Technology Products Download,17,,
6,Log4J徹底解説〜目次,10,16,
6,Java Mozilla Html Parser登場、ブラウザと同じクオリティを実現 | エンタープライズ | マイコミジャーナル,,30,
5,Java,,,27
5,"Java 2 Platform, Standard Edition, v 1.4.2 (J2SE) のダウンロード",,,16
5,Eclipseではじめるプログラミング,18,,
4,Java - Wikipedia,,,3
4,Java News,11,23,22
4,【レポート】Java初学者には最適!? 解説から実行までブラウザでコンプリート - Javala (MYCOMジャーナル),15,9,
3,【ハウツー】Java WebアプリでもわかりやすいURLを! - Url Rewrite Filterの使い心地 (1) わかりやすいURLの重要性 | エンタープライズ | マイコミジャーナル,,25,
3,IAjapan Java(TM) 研究部会,,,26
1,J2SE 5.0 虎の穴 Java2 SE v5.0 Tiger の新機能,13,26,
550,,,,