人数,タイトル,セレクトブクマ,ブックマーク数順,Google
7,Java の道（Java 入門・リファレンス）,1,2,10
7,とほほのJava入門,,,14
7,Javaの学習ならJavaDrive,2,5,
5,初心者がJavaを“超高速”で学ぶためのコツ：ITpro,12,22,
4,Java入門,27,,
4,TECHSCORE(テックスコア) ?C言語/JAVA/デザインパターン/CORBA/XML/SQL/UMLを基礎から丁寧に解説します?,26,,
4,Java FAQ: よくある質問とその回答集,,,21
4,JavaでHello World,7,7,13
4,MYCOMジャーナル - エンタープライズ - コラム - ライトニングJava,20,,
3,JavaをJavaScriptに変換するグーグルのツールを使ってみよう ? ＠IT,25,,
3, Java -TECHSCORE-,,,19
3,頑健なJavaプログラムの書き方(Writing Robust Java Code),5,3,
3,＠IT：Hibernateで理解するO/Rマッピング（1）,30,,
2,Javaアプレット - Wikipedia,,,20
2,Java,,,27
2,JavaA2Z,22,,
2,Java技術最前線：ITpro,3,4,
2,Javaの性能を分析する10のツール | エンタープライズ | マイコミジャーナル,,12,
2,Javaとは - 意味/解説/説明/定義 ： IT用語辞典,,,6
2,Java におけるコード進化パターン (Code Evolution Patterns in Java),,14,
2,Java Solution ? ＠IT,28,,12
2,Java 2 Platform SE 5.0,8,8,
2,RubyよりもJavaが好きな理由,,11,
2,C/C いっさいなし、Javaだけで開発されたOS - JNode (MYCOM PC WEB),,19,
2,ITmedia エンタープライズ：矛盾を抱えつつ進化する“Java”??黒船となったRuby on Rails (1/2),,29,
1,Java in the Box,9,13,23
1,Java - Wikipedia,,,3
1,Java News,11,23,22
1,【ハウツー】Java WebアプリでもわかりやすいURLを! - Url Rewrite Filterの使い心地 (1) わかりやすいURLの重要性 | エンタープライズ | マイコミジャーナル,,25,
1,IAjapan Java(TM) 研究部会,,,26
1,J2SE 5.0 虎の穴 Java2 SE v5.0 Tiger の新機能,13,26,
1,Ja-Jakarta Project,21,,
1,IBM developerWorks Japan : Resources for Java developers,,,17
1, Javaテクノロジ - サン・マイクロシステムズ,,,4
1,Archive: Java[tm] Technology Products Download,17,,
1,"Java 2 Platform, Standard Edition, v 1.4.2 (J2SE) のダウンロード",,,16
1,【レポート】Java初学者には最適!? 解説から実行までブラウザでコンプリート - Javala (MYCOMジャーナル),15,9,
1,James君！,,27,
1,Log4J徹底解説〜目次,10,16,
1,Javaでゲーム作りますが何か？,16,17,
1,【ハウツー】JavaだってRubyに負けちゃいない - JavaでもRails クイックスタートGrails (MYCOMジャーナル),,20,
1,Java Mozilla Html Parser登場、ブラウザと同じクオリティを実現 | エンタープライズ | マイコミジャーナル,,30,
1,Eclipseではじめるプログラミング,18,,
100,,,,
,,,,
,,,,
,,,,
,,,,
,,,,
,,,,
,,,,
,,,,
,,,,